"sentinel_flight","fit","ci_lower","ci_upper"
FALSE,-2.22064842536993,-6.8357903893921,2.39449353865223
TRUE,2.22064842537029,-2.39449353865195,6.83579038939252
